"k","precision.at.5","recall.at.5","rmse","n"
1,0,0,0.117503012111074,465
2,0,0,0.115306050215061,480
3,0,0,0.113424065506267,437
4,0,0,0.115052253846366,484
5,0,0,0.119957804903884,440
6,0,0,0.11504880532188,480
7,0,0,0.119306320962878,460
8,0,0,0.122025078735299,431
9,0,0,0.119247835418088,485
10,0,0,0.121143725541021,480
