"k","precision.at.5","recall.at.5","rmse","n"
1,0,0,0.121253219463888,465
2,0,0,0.123534232233842,480
3,0,0,0.116526592093959,437
4,0,0,0.120139276872942,484
5,0,0,0.12371374654697,440
6,0,0,0.118518384174197,480
7,0,0,0.124373667483395,460
8,0,0,0.124888093546592,431
9,0,0,0.12648412414503,485
10,0,0,0.132246407422088,480
