"k","precision.at.5","recall.at.5","rmse","n"
1,0,0,0.105770430933144,132
2,0,0,0.0984685434913772,136
3,0,0,0.105226466865631,110
4,0.00296296296296296,0.000781893004115226,0.106793675612508,135
5,0,0,0.0913721606310143,108
6,0,0,0.114205308632497,149
7,0,0,0.103979608003456,111
8,0,0,0.0878061910606637,126
9,0.00168067226890756,0.000420168067226891,0.11845484122809,119
10,0.00150375939849624,0.000537056928034372,0.165035282543019,133
