"k","precision.at.5","recall.at.5","rmse","n"
1,0,0,0.43724961527404,32
2,0.075,0.031331692617284,0.197469589151442,34
3,0.0272727272727273,0.0176767676767677,0.356031897933823,20
4,0.037037037037037,0.0117457661812501,0.188602249048822,27
5,0,0,0.387493740246654,23
6,0,0,0.386521025470124,29
7,0,0,0.625382040910684,15
8,0.0428571428571429,0.0208445063708222,0.222157973338375,28
9,0,0,0.559056697085145,31
10,0.00300751879699248,0.00013489495853577,0.280203424644811,28
